Do,Producer,Timeframe,Stockist,Address,AssignTo
56031,big els and the wknd,01:37 AM-04:00 PM,375ml orange,gs10 yagan square  northbridge  6003,Pressed Whole Ute
56031,big els and the wknd,01:37 AM-04:00 PM,375ml strawberry fields,gs10 yagan square  northbridge  6003,Pressed Whole Ute
56031,big els and the wknd,01:37 AM-04:00 PM,375ml seasonal apple,gs10 yagan square  northbridge  6003,Pressed Whole Ute
56031,big els and the wknd,01:37 AM-04:00 PM,375ml alphabet,gs10 yagan square  northbridge  6003,Pressed Whole Ute
